{
  "capture": "output/packaging/ens8192/bf16_s2/judge_responses.jsonl",
  "rho_new": 0.752426067565184,
  "n": 121,
  "ci": [
    0.6660761907605264,
    0.8172573747767234
  ],
  "baseline_rho": 0.7476689625425029,
  "delta_vs_baseline": 0.0047571050226811185,
  "ceiling": 0.9844009569826934,
  "gap_to_ceiling": 0.23197488941750932,
  "parse_fail": 0
}