{
  "per_seed": [
    {
      "seed": 1,
      "rho": 0.8358149892119933,
      "ci_lower": 0.7740054476645172,
      "ci_upper": 0.8794477041718192,
      "n": 121,
      "parse_fail": 0
    },
    {
      "seed": 0,
      "rho": 0.7649087907356016,
      "ci_lower": 0.68051612540418,
      "ci_upper": 0.8288835173240937,
      "n": 121,
      "parse_fail": 0
    },
    {
      "seed": 2,
      "rho": 0.7926332667685486,
      "ci_lower": 0.7291492320207855,
      "ci_upper": 0.8362403082315152,
      "n": 121,
      "parse_fail": 0
    }
  ],
  "best_single_seed": {
    "seed": 1,
    "rho": 0.8358149892119933,
    "ci_lower": 0.7740054476645172
  },
  "ensemble_median": {
    "rho": 0.8160452097775477,
    "ci_lower": 0.756291877837854,
    "ci_upper": 0.8585138000687434,
    "n": 121
  },
  "max_tokens": 8192,
  "method": "tinker_capture",
  "base_model": "Qwen/Qwen3.6-35B-A3B"
}