{
  "tag": "seed202_step100",
  "capture": "output/rl_eval/smoke_v13_seed202_step100/judge_responses.jsonl",
  "n": 121,
  "parse_fail": 0,
  "rho_ckpt": 0.7974642727566004,
  "rho_warmstart": 0.8273673812600575,
  "delta": -0.02990310850345712,
  "delta_ci": [
    -0.07469109550817243,
    0.007261164483562399
  ],
  "verdict": "INCONCLUSIVE"
}