{
  "n": 121,
  "v1_2": 0.7476689625425029,
  "seed_rhos": {
    "s0(default)": 0.7956940251713427,
    "s1": 0.8273673812600575,
    "s2": 0.7900608148175857
  },
  "mean": 0.804374073749662,
  "sd": 0.020111002148653037,
  "all_beat_v12": true,
  "ensemble_rho": 0.8419637236160609,
  "advantage_ci": [
    -0.006807124921869745,
    0.1273311661683758
  ]
}