{
  "n": 121,
  "ceiling": 0.9844009569826934,
  "v1_2": 0.7476689625425029,
  "epochs": {
    "ep1": {
      "rho": 0.6096919810142201,
      "ci": [
        0.48281525937434794,
        0.7166390510273853
      ]
    },
    "ep2": {
      "rho": 0.7394028408202419,
      "ci": [
        0.6377952371159206,
        0.8155863904747965
      ]
    },
    "ep3": {
      "rho": 0.7956940251713427,
      "ci": [
        0.7077355202810481,
        0.8571240922859746
      ]
    }
  },
  "best": "ep3",
  "best_rho": 0.7956940251713427,
  "delta_vs_v12": 0.048025062628839765,
  "paired_delta_ci": [
    -0.022277391057980545,
    0.12915303347818408
  ]
}