{
  "n_ckpts": 10,
  "n_items": 121,
  "table": {
    "warmstart_v12": {
      "judge_rho": 0.7476689625425029,
      "mean_reward": 0.7039681216009255,
      "mean_calib": 0.6674997510703973,
      "mean_defect": 0.6779033844942935
    },
    "rl_step50": {
      "judge_rho": 0.7299559562166101,
      "mean_reward": 0.7078936442345534,
      "mean_calib": 0.6715702479338843,
      "mean_defect": 0.6823327430145611
    },
    "rl_step150": {
      "judge_rho": 0.7080800426748107,
      "mean_reward": 0.7177942916885961,
      "mean_calib": 0.6875863785721398,
      "mean_defect": 0.6934533648170011
    },
    "relabel_1ep": {
      "judge_rho": 0.6084163141929773,
      "mean_reward": 0.9230923848878394,
      "mean_calib": 0.9211570247933883,
      "mean_defect": 0.9092591499409681
    },
    "oldctrl_1ep": {
      "judge_rho": 0.4720701228418482,
      "mean_reward": 0.84753502558048,
      "mean_calib": 0.8306611570247933,
      "mean_defect": 0.8305411255411256
    },
    "full_ep1": {
      "judge_rho": 0.6096919810142201,
      "mean_reward": 0.9196859504132231,
      "mean_calib": 0.9155371900826446,
      "mean_defect": 0.9069421487603306
    },
    "full_ep2": {
      "judge_rho": 0.7394028408202419,
      "mean_reward": 0.9265274498229042,
      "mean_calib": 0.9305785123966942,
      "mean_defect": 0.9092532467532467
    },
    "full_ep3": {
      "judge_rho": 0.7956940251713427,
      "mean_reward": 0.928719696969697,
      "mean_calib": 0.938595041322314,
      "mean_defect": 0.9065633608815427
    },
    "s1_ep3_v13": {
      "judge_rho": 0.8273673812600575,
      "mean_reward": 0.916181227863046,
      "mean_calib": 0.9405785123966943,
      "mean_defect": 0.8818831168831168
    },
    "s2_ep3": {
      "judge_rho": 0.7900608148175857,
      "mean_reward": 0.9183667847304211,
      "mean_calib": 0.9272727272727272,
      "mean_defect": 0.8962377016922473
    }
  },
  "oracle_blended": 0.11515151515151514,
  "oracle_calib": 0.5151515151515151,
  "oracle_defect": -0.12727272727272726,
  "ci": [
    -0.2606060606060606,
    0.5878787878787878
  ],
  "gate_pass": false
}