{
  "per_layer_jaccard": [
    0.7777777777777778,
    1.0,
    1.0,
    1.0,
    0.7777777777777778,
    1.0,
    1.0,
    1.0,
    1.0,
    1.0,
    1.0,
    1.0,
    1.0,
    1.0,
    1.0,
    0.7777777777777778,
    1.0,
    1.0,
    1.0,
    1.0,
    1.0,
    1.0,
    1.0,
    1.0,
    1.0,
    0.7777777777777778,
    0.7777777777777778,
    1.0,
    1.0,
    1.0,
    1.0,
    1.0,
    1.0,
    1.0,
    1.0,
    1.0,
    1.0,
    1.0,
    1.0,
    1.0
  ],
  "top_k": 8,
  "n_layers": 40,
  "strata_eeff": {
    "deltanet": {
      "mean": 144.11584956976398,
      "max": 224.46555607653409,
      "var": 815.1532228879233,
      "n_layers": 30
    },
    "attention": {
      "mean": 145.02999840493425,
      "max": 175.21917328994962,
      "var": 312.3438322907112,
      "n_layers": 10
    }
  },
  "source": "served-vllm-profile",
  "gate_passes": false
}