{
  "sweep": [
    {
      "k": "full",
      "judge_capture": "output/sieve-v4/ksweep/kfull/s1/judge_responses.jsonl",
      "kept_experts_per_layer": [
        256,
        256,
        256,
        256,
        256,
        256,
        256,
        256,
        256,
        256,
        256,
        256,
        256,
        256,
        256,
        256,
        256,
        256,
        256,
        256,
        256,
        256,
        256,
        256,
        256,
        256,
        256,
        256,
        256,
        256,
        256,
        256,
        256,
        256,
        256,
        256,
        256,
        256,
        256,
        256
      ],
      "protected_retained": true,
      "masked": false,
      "patch_confirmation": "booted with all-keep mask; see boot log for '[sieve-mask] patched ...'",
      "judge_single_s1_rho": 0.7934812517026191,
      "parse_fail": 0,
      "n_scored": 121,
      "duration_sec": 1740.7
    },
    {
      "k": "224",
      "judge_capture": "output/sieve-v4/ksweep/k224/s1/judge_responses.jsonl",
      "masked": true,
      "kept_experts_per_layer": [
        224,
        224,
        224,
        224,
        224,
        224,
        224,
        224,
        224,
        224,
        224,
        224,
        224,
        224,
        224,
        224,
        224,
        224,
        224,
        224,
        224,
        224,
        224,
        224,
        224,
        224,
        224,
        224,
        224,
        224,
        224,
        224,
        224,
        224,
        224,
        224,
        224,
        224,
        224,
        224
      ],
      "protected_retained": true,
      "judge_single_s1_rho": 0.81293833039953,
      "parse_fail": 0,
      "n_scored": 121,
      "s1_tost_vs_full": {
        "mean_diff": 0.019457078696910934,
        "ci": [
          -0.018154148360465784,
          0.06240721989988936
        ],
        "n": 121,
        "equivalent": false
      },
      "duration_sec": 1762.6
    },
    {
      "k": "192",
      "judge_capture": "output/sieve-v4/ksweep/k192/s1/judge_responses.jsonl",
      "masked": true,
      "kept_experts_per_layer": [
        192,
        192,
        192,
        192,
        192,
        192,
        192,
        192,
        192,
        192,
        192,
        192,
        192,
        192,
        192,
        192,
        192,
        192,
        192,
        192,
        192,
        192,
        192,
        192,
        192,
        192,
        192,
        192,
        192,
        192,
        192,
        192,
        192,
        192,
        192,
        192,
        192,
        192,
        192,
        192
      ],
      "protected_retained": true,
      "judge_single_s1_rho": 0.8028605849580077,
      "parse_fail": 0,
      "n_scored": 121,
      "s1_tost_vs_full": {
        "mean_diff": 0.009379333255388644,
        "ci": [
          -0.026249673930745777,
          0.04667939853188282
        ],
        "n": 121,
        "equivalent": false
      },
      "duration_sec": 1863.3
    },
    {
      "k": "144",
      "judge_capture": "output/sieve-v4/ksweep/k144/s1/judge_responses.jsonl",
      "masked": true,
      "kept_experts_per_layer": [
        144,
        144,
        144,
        144,
        144,
        144,
        144,
        144,
        144,
        144,
        144,
        144,
        144,
        144,
        144,
        144,
        144,
        144,
        144,
        144,
        144,
        144,
        144,
        144,
        144,
        144,
        144,
        144,
        144,
        144,
        144,
        144,
        144,
        144,
        144,
        144,
        144,
        144,
        144,
        144
      ],
      "protected_retained": true,
      "judge_single_s1_rho": 0.7561561532054716,
      "parse_fail": 0,
      "n_scored": 121,
      "s1_tost_vs_full": {
        "mean_diff": -0.03732509849714749,
        "ci": [
          -0.10279126590094338,
          0.02496589276750845
        ],
        "n": 121,
        "equivalent": false
      },
      "duration_sec": 2427.5
    },
    {
      "k": "112",
      "judge_capture": "output/sieve-v4/ksweep/k112/s1/judge_responses.jsonl",
      "masked": true,
      "kept_experts_per_layer": [
        112,
        112,
        112,
        112,
        112,
        112,
        112,
        112,
        112,
        112,
        112,
        112,
        112,
        112,
        112,
        112,
        112,
        112,
        112,
        112,
        112,
        112,
        112,
        112,
        112,
        112,
        112,
        112,
        112,
        112,
        112,
        112,
        112,
        112,
        112,
        112,
        112,
        112,
        112,
        112
      ],
      "protected_retained": true,
      "judge_single_s1_rho": 0.7556916513374347,
      "parse_fail": 0,
      "n_scored": 121,
      "s1_tost_vs_full": {
        "mean_diff": -0.03778960036518442,
        "ci": [
          -0.10892518986901381,
          0.027081780403395896
        ],
        "n": 121,
        "equivalent": false
      },
      "duration_sec": 2292.0
    }
  ],
  "grid": [
    224,
    192,
    144,
    112
  ],
  "halted": false
}